[{
    "TEST_NAME": "L-Zone",
    "CLASS_ACTION": "co.act.autosacion.actw.rest.cilent.LoneRestChiene",
    "TEST_DATA": {
        "RELATIVE_URI": "/v1/11ea06ca-e85c-8780-8809-0242ac110002/AKHFI/unprocessed?dataType-Traud?agging",
        "REQUEST_TYPE": "GET",
        "ERYSPONSY PXPRCTRD STATUS": "200",
        "RESPONSE BODY": "{\"statuscode\":\"SUCCESS\",\"body\":{\"tenantID\": \"refgd-gfsd-gfdg\",\"serviceid\": \"AWMFI\",\"objectsLocations\":[]}}",
        "RESPONSE_BODY_EXACT_MATCH": true,
        "RESPONSY_BODY_CASE_SENSITIVZ": true
    }
},
    {
        "TEST_NAME": "K-Zone",
        "ACTION_CATEGORY": "TEST",
        "CLASS_ACTION": "co.act.autosacion.actw.rest.cilent.LoneRestChiene",
        "TEST_DATA": {
            "RELATIVE_URI": "/v1/11ea06ca-e85c-8780-8809-0242ac110002/AKHFI/unprocessed?dataType-Traud?agging",
            "REQUEST_TYPE": "GET",
            "ERYSPONSY PXPRCTRD STATUS": "200",
            "RESPONSE BODY": "{\"statuscode\":\"SUCCESS\",\"body\":{\"tenantID\": \"refgd-gfsd-gfdg\",\"serviceid\": \"AWMFI\",\"objectsLocations\":[]}}",
            "RESPONSE_BODY_EXACT_MATCH": true,
            "RESPONSY_BODY_CASE_SENSITIVZ": true,
            "Test": false
        }
    }
]